pump_tag_number,equipment_side,seal_type,seal_size,drawing_no,assembly_gpn,material_code,source_type,source_reference,source_date,resolution_status,confidence_status,manifest_row_hash
101-P-2A,SINGLE,T48LP,"2.375""",GA-243047,,X49 P147 1 X49 D81 H 316/HC,INSTALLATION_REPORT,INSTL-024-2026,2026-05-05,CONFIRMED,CONFIRMED,91b9a45c5258bb457e879c5b3dcd89bf3f93625785136145284ed41d8f68d8be
110-P-8B,SINGLE,T48MP,"2.3/4""",E12927,,QAR171/P,INSTALLATION_REPORT,INSTL-016-2026,2026-03-09,CONFIRMED,CONFIRMED,e959dad589170e898bf0e62804b8adc7ef17fd2624b9f7e528766027fe0a818f
140-P-17B,DE,T8B1-RS,"6""",TMI-8B-1525,,XF1D1,INSTALLATION_REPORT,INSTL-035-2026,2026-05-28,CONFIRMED,CONFIRMED,7063070f37fb1a62fe01bd80955a2bdf191c5f92ec98e15131dea3104af87a53
140-P-17B,NDE,T8B1-RS,"6""",TMI-8B-1525,,XF1D1,INSTALLATION_REPORT,INSTL-035-2026,2026-05-28,CONFIRMED,CONFIRMED,8043f1a2686e39c63b19ff0960dea771d9bd04bc9cbe254801432ab957e578f0
140-P-22A,SINGLE,T48MP,"2.1/8""",,,XP1471XD81H316/HC,INSTALLATION_REPORT,INSTL-015-2026,2026-03-06,CONFIRMED,CONFIRMED,5f81cbeec86e567357ac56151257bc0102b40529ab9052770e10915edd6521ba
140-P-26A,SINGLE,T48MP,"2.1/8""",,,XP1471XD81H316/HC,INSTALLATION_REPORT,INSTL-031-2026,2026-05-19,CONFIRMED,CONFIRMED,100a940107909617e9bbf9163e670fe071418bf5b847f36160fa311cd347b417
140-P-6A,SINGLE,T48MP,"2.1/8""",E13406,,QAR171/P,INSTALLATION_REPORT,INSTL-018-2026,2026-03-13,CONFIRMED,CONFIRMED,1272b91996dbe8aac50f59fce7ab6b018ef8454e52eaa2a613fb90eba7736e3d
140-P-6B,SINGLE,T48MP,"2.1/8""",E13406,,QAR171/P,INSTALLATION_REPORT,INSTL-020-2026,2026-03-16,CONFIRMED,CONFIRMED,c0b06bf00ec1a5a4d269936d0b7555c13012fda8e930b294abc67a7da941f3d9
200-P-4B,SINGLE,T48MP,"2.1/8""",E13412,,QAR1K1/P,INSTALLATION_REPORT,INSTL-040-2026,2026-06-04,CONFIRMED,CONFIRMED,c49eccb1e1b83222063627af10574c5a66c2a8fb730dc8d5ef6c36cc82b16c7f
211-P-14B,SINGLE,T15W,"3.1/4""",E12914,,1K1K,INSTALLATION_REPORT,INSTL-001-2026,2026-01-06,CONFIRMED,CONFIRMED,7c25f238e70552f88e207f223049cd46d0423c9d8b84dc5be9d8ce5e1c4d8e9b
211-P-19A,SINGLE,T48MP,"1.3/4""",E13426,,QAR1K1/P,INSTALLATION_REPORT,INSTL-012-2026,2026-02-24,CONFIRMED,CONFIRMED,ab8cc2ad1dacfcc82384c10cda279f931b2bc7fb8019e1540cf9194236407aec
211-P-1A,DE,T8B1-RS,"4.1/2""",TMI-8B-1514,,AR1S1/P,INSTALLATION_REPORT,INSTL-033-2026,2026-05-22,CONFIRMED,CONFIRMED,11569996e42872ba9d1c14d1cd4d0ce34748f8dfba344c99141181d4f064350e
211-P-1A,NDE,T8B1-RS,"4.1/2""",TMI-8B-1514,,AR1S1/P,INSTALLATION_REPORT,INSTL-033-2026,2026-05-22,CONFIRMED,CONFIRMED,8ecdbf5a123c5cb96297cba99bacc09112529f20b2b531299465936aff451cce
211-P-4A,SINGLE,T8B1,"2.1/4""",U/14078-1,,X48 F55 1 X48 O15 H 316/HC,INSTALLATION_REPORT,INSTL-034-2026,2026-05-26,CONFIRMED,CONFIRMED,9c9e9d40e2cb086b6a5c12c8109ac0a6ce842fbdcc9be9bb24c8a3f12774997b
211-P-8A,DE,T48MP,"3.1/2""",E12894,,QAR171/P,INSTALLATION_REPORT,INSTL-042-2026,2026-06-08,CONFIRMED,CONFIRMED,71fadef030da3d6862e990ab8c268d08962f3cacec6e5ef1ce35847c1f95456c
211-P-8A,NDE,T48MP,"3.1/2""",E12894,,QAR171/P,INSTALLATION_REPORT,INSTL-042-2026,2026-06-08,CONFIRMED,CONFIRMED,153e316884e630f56df2891d2a3053ae210b7fdd59391b9b9d478bcc02dfccc5
212-P-13AR,DE,T1604DP,60 MM,D/74904,,,INSTALLATION_REPORT,INSTL-004-2026,2026-02-04,CONFIRMED,CONFIRMED,1d745e096f4c9e6f8d34cdf3c772601bd69dba3a673148d7b50da286f736d294
212-P-13AR,NDE,T1604DP,60 MM,D/74904,,,INSTALLATION_REPORT,INSTL-004-2026,2026-02-04,CONFIRMED,CONFIRMED,a912831cb2e07aed084c74c50efd6063569b03367bb1b010428078cbb0270b09
212-P-15C,SINGLE,T609,"2.1/2""",GA-197450,,YR1K1/D,INSTALLATION_REPORT,INSTL-013-2026,2026-03-02,CONFIRMED,CONFIRMED,61ee3f278b83641c26f4949686c8fd91bf5972b1b1cafbf92d94d96ab0f1e85d
212-P-18B,SINGLE,T48MP,"1.5/8""",E12919,,QAR1K1/P,INSTALLATION_REPORT,INSTL-021-2026,2026-03-18,CONFIRMED,CONFIRMED,bdad0a431f11ec1e2ae5501e2e7687ede80662aab737edfda9c963ef0f058e53
212-P-19B,SINGLE,T48MP,"1.3/4""",E13426,,QAR1K1/P,INSTALLATION_REPORT,INSTL-009-2026,2026-02-20,CONFIRMED,CONFIRMED,2183b72ed08731eafb09f0e2d0833815d72ac6f0815435245b389154f79aa7d0
220-P-3A,DE,T604,"2.875""",U-14037-1,,O39 F3 O93 O39 O95 O72 A20/18-8,INSTALLATION_REPORT,INSTL-037-2026,2026-06-02,CONFIRMED,CONFIRMED,a9082ba391025dec038fd0f2d19ad109e46939a87f3669f66fef223b4ae1999a
220-P-3A,NDE,T604,"2.875""",U-14037-1,,O39 F3 O93 O39 O95 O72 A20/18-8,INSTALLATION_REPORT,INSTL-037-2026,2026-06-02,CONFIRMED,CONFIRMED,c7ffaed8b93f7e40b9e8e0523e64d4b226be4b2b42967df24ca7520a03eb179e
300-P-7A,SINGLE,T8B1,"2.1/8""",E13434,,QXR1K1/P,INSTALLATION_REPORT,INSTL-032-2026,2026-05-20,CONFIRMED,CONFIRMED,89adc6586ac93d5d40ef7ccf17dfab469ec724f03c062fb445a41d8e16a4aeb3
300-P-9A,SINGLE,T48MP,"1.3/4""",E13420,,QAR171/P,INSTALLATION_REPORT,INSTL-027-2026,2026-05-11,CONFIRMED,CONFIRMED,c40a8625d0bde7d303fc61f9ee3ccf2d4bbe66b5744c3e7cef10a82114ec7c42
410-P-2A,SINGLE,T48MP,"1.3/4""",E13422,,QR1K1/A,INSTALLATION_REPORT,INSTL-014-2026,2026-03-04,CONFIRMED,CONFIRMED,704711428c593acf1770cf9aecee2333305358fcaad78c21d4369662e525c019
701-P-2,SINGLE,T48MP,"1.7/8""",E13435,,AR1K1/P,INSTALLATION_REPORT,INSTL-011-2026,2026-02-23,CONFIRMED,CONFIRMED,97b47311fdd1bd9a71c087a4659bc18c453ec825152e8fd01806460543d75e1c
701-P-4A,DE,FFET,"3.1/4""",GA-269404,,X48 O58 1 X48 D86 H 316/HC,INSTALLATION_REPORT,INSTL-017-2026,2026-03-11,CONFIRMED,CONFIRMED,defbe0afe06c4100ad0046e98110428a50b44ee65907e8936d222f879af73e39
701-P-4A,NDE,FFET,"3.1/4""",GA-269404,,X48 O58 1 X48 D86 H 316/HC,INSTALLATION_REPORT,INSTL-017-2026,2026-03-11,CONFIRMED,CONFIRMED,a6edc5ce4b101d9777d863ed1e73cf0b651a8d6f416b65f0714e7169fe230564
702-P-2,SINGLE,T48MP,"1.7/8""",E13435,,AR1K1/P,INSTALLATION_REPORT,INSTL-005-2026,2026-02-08,CONFIRMED,CONFIRMED,e50476d59cc07626555ca47a67f0c830be95f7b63ee622bc0aaae7bd19171f0f
702-P-4A,DE,T48MP,"3.1/2""",E12894,,QAR171/P,INSTALLATION_REPORT,INSTL-030-2026,2026-05-18,CONFIRMED,CONFIRMED,097fdd3cfd92305f1caa4a64b9c615e2ef944b912bb8ddddcc6a7e4c8fd46fda
702-P-4A,NDE,T48MP,"3.1/2""",E12894,,QAR171/P,INSTALLATION_REPORT,INSTL-030-2026,2026-05-18,CONFIRMED,CONFIRMED,f72889959ceb0afe34a752440cdc21848cf8b3ca703063a5726175aa31e5d771
920-P-1A,SINGLE,T48MP,"2.1/8""",,,QAR171/A,INSTALLATION_REPORT,INSTL-008-2026,2026-02-19,CONFIRMED,CONFIRMED,b9494eb759b41bfe2e587db9f1d27dbe67cde502cd9f02e497e629f792faba5c
920-P-2C,SINGLE,T48LP,"2.3/4""",GA-187115-1,,QAR171/A,INSTALLATION_REPORT,INSTL-010-2026,2026-02-21,CONFIRMED,CONFIRMED,6245fd139dd7cf7ca752fdc5e6c03aa55f39064acf87f6b6e90754f8c442a5f7
925-P-1B,DE,T48LP,"4""",TMI-909B-1018,,QA F171/PP,INSTALLATION_REPORT,INSTL-029-2026,2026-05-15,CONFIRMED,CONFIRMED,4be7b4e626173a420983724439cb26f8616ce6db01759e66a7884afd5d3d5552
925-P-1B,NDE,T48LP,"4""",TMI-909B-1018,,QA F171/PP,INSTALLATION_REPORT,INSTL-029-2026,2026-05-15,CONFIRMED,CONFIRMED,763a1f9e9ffb8383a99fe2c39c052a3f7cabc502993c8f5d3a543a3850970e73
940-P-1B,SINGLE,T48MP,"2.1/8""",E13410,,QAR1K1/P,INSTALLATION_REPORT,INSTL-039-2026,2026-06-05,CONFIRMED,CONFIRMED,859364951feee623ed803bea9daaf127d5de617c511915bfd0a074f5f96b1014
945-P-7A,SINGLE,2648-2 Tandem Seal,55 MM,U/14055,,,INSTALLATION_REPORT,INSTL-036-2026,2026-05-29,CONFIRMED,CONFIRMED,db130379ca0844d504fab261ca1605f529ebec7b3f7f7c89cd6bc1252ac75ef4
945-P-9B,SINGLE,T48MP,"2.3/8""",E12938,,QAR171/P,INSTALLATION_REPORT,INSTL-026-2026,2026-05-07,CONFIRMED,CONFIRMED,da508be8e1d87689825477e454b3f145ef4a5a1161a6fb7b4fb810e56ff22eb4
